{
  "config": {
    "dataset": "E:/Python/DLCV/dataset/coco_rain",
    "percent_dataset": 10,
    "confidence_threshold": 0.5,
    "iou_threshold": 0.5
  },
  "simple_metrics": {
    "vanilla": {
      "precision": 0.8749999993528106,
      "recall": 0.3123020062533522,
      "f1": 0.46031089617271365,
      "total_detections": 1352,
      "total_gt": 3788,
      "tp": 1183,
      "fp": 169,
      "fn": 2605
    },
    "original_spdnet": {
      "precision": 0.8640350870876936,
      "recall": 0.31203801470115156,
      "f1": 0.4584945673013165,
      "total_detections": 1368,
      "total_gt": 3788,
      "tp": 1182,
      "fp": 186,
      "fn": 2606
    },
    "adapted_spdnet": {
      "precision": 0.8707865162424251,
      "recall": 0.3273495247287884,
      "f1": 0.4758246218665131,
      "total_detections": 1424,
      "total_gt": 3788,
      "tp": 1240,
      "fp": 184,
      "fn": 2548
    }
  },
  "coco_mAP": {
    "vanilla": {
      "AP": 0.34141567658105865,
      "AP50": 0.4827677740696509,
      "AP75": 0.365845838755474,
      "AP_small": 0.1511800661272477,
      "AP_medium": 0.37717327395298283,
      "AP_large": 0.5036874584609972,
      "AR_1": 0.31048932432909715,
      "AR_10": 0.49037085349479337,
      "AR_100": 0.555219418352691
    },
    "original_spdnet": {
      "AP": 0.33669639435170645,
      "AP50": 0.47909994927502736,
      "AP75": 0.3533049050529924,
      "AP_small": 0.15169887060490642,
      "AP_medium": 0.3663610631486891,
      "AP_large": 0.49765408663728583,
      "AR_1": 0.3063083088461963,
      "AR_10": 0.48794101372442356,
      "AR_100": 0.5548415361280261
    },
    "adapted_spdnet": {
      "AP": 0.35530114779760663,
      "AP50": 0.5069382471418825,
      "AP75": 0.3752677277333411,
      "AP_small": 0.1626197237527494,
      "AP_medium": 0.3863947777064357,
      "AP_large": 0.5342904456093912,
      "AR_1": 0.31957142977479475,
      "AR_10": 0.5077028072685886,
      "AR_100": 0.5743098217251484
    }
  }
}